{"gradients/Decoder.FC_output.bias": {"_type": "histogram", "values": [1.0, 0.0, 1.0, 0.0, 1.0, 2.0, 3.0, 2.0, 3.0, 5.0, 5.0, 8.0, 3.0, 12.0, 12.0, 10.0, 17.0, 8.0, 15.0, 15.0, 16.0, 23.0, 23.0, 20.0, 24.0, 35.0, 270.0, 52.0, 26.0, 16.0, 25.0, 18.0, 11.0, 12.0, 12.0, 8.0, 9.0, 8.0, 12.0, 9.0, 5.0, 3.0, 1.0, 4.0, 3.0, 3.0, 1.0, 1.0, 2.0, 0.0, 1.0, 2.0, 0.0, 1.0, 1.0, 0.0, 1.0, 0.0, 1.0, 0.0, 0.0, 0.0, 0.0, 2.0], "bins": [-5.272595405578613, -5.070284843444824, -4.867973804473877, -4.665663242340088, -4.463352680206299, -4.261041641235352, -4.0587310791015625, -3.8564205169677734, -3.6541099548339844, -3.451799154281616, -3.249488592147827, -3.047177791595459, -2.84486722946167, -2.6425564289093018, -2.4402456283569336, -2.2379350662231445, -2.0356242656707764, -1.8333135843276978, -1.6310029029846191, -1.428692102432251, -1.226381540298462, -1.0240707397460938, -0.8217600584030151, -0.6194493770599365, -0.4171386957168579, -0.2148279994726181, -0.012517303228378296, 0.1897934079170227, 0.3921040892601013, 0.5944148302078247, 0.7967255115509033, 0.9990361928939819, 1.2013468742370605, 1.4036575555801392, 1.6059682369232178, 1.808279037475586, 2.010589599609375, 2.212900400161743, 2.4152112007141113, 2.6175217628479004, 2.8198323249816895, 3.0221431255340576, 3.2244536876678467, 3.426764488220215, 3.629075050354004, 3.831385850906372, 4.03369665145874, 4.236007213592529, 4.438318252563477, 4.640628814697266, 4.842939853668213, 5.045250415802002, 5.247560977935791, 5.449872016906738, 5.652182579040527, 5.854493141174316, 6.0568037033081055, 6.2591142654418945, 6.461425304412842, 6.663735866546631, 6.86604642868042, 7.068357467651367, 7.270668029785156, 7.472978591918945, 7.675289154052734]}, "_timestamp": 1673298930.8282647, "gradients/Decoder.FC_output.weight": {"_type": "histogram", "values": [1.0, 3.0, 2.0, 7.0, 6.0, 13.0, 15.0, 23.0, 28.0, 56.0, 74.0, 99.0, 176.0, 235.0, 369.0, 459.0, 626.0, 846.0, 1226.0, 1638.0, 2223.0, 2809.0, 3845.0, 4765.0, 6225.0, 7799.0, 9908.0, 12657.0, 16319.0, 91259.0, 77927.0, 19167.0, 12954.0, 9606.0, 7323.0, 5482.0, 4264.0, 3301.0, 2556.0, 1884.0, 1458.0, 1115.0, 747.0, 621.0, 434.0, 277.0, 237.0, 144.0, 123.0, 73.0, 50.0, 35.0, 38.0, 20.0, 13.0, 16.0, 7.0, 9.0, 2.0, 1.0, 2.0, 0.0, 2.0, 1.0], "bins": [-10.429014205932617, -10.080759048461914, -9.732503890991211, -9.384248733520508, -9.035993576049805, -8.687738418579102, -8.339483261108398, -7.991227149963379, -7.642971992492676, -7.294716835021973, -6.9464616775512695, -6.598206520080566, -6.249950885772705, -5.901695728302002, -5.553440570831299, -5.2051849365234375, -4.856930255889893, -4.5086750984191895, -4.160419940948486, -3.812164545059204, -3.463909149169922, -3.1156539916992188, -2.7673988342285156, -2.4191434383392334, -2.0708882808685303, -1.7226330041885376, -1.374377727508545, -1.0261225700378418, -0.6778672933578491, -0.32961201667785645, 0.01864314079284668, 0.3668985366821289, 0.715153694152832, 1.0634089708328247, 1.4116642475128174, 1.7599194049835205, 2.1081748008728027, 2.456429958343506, 2.804685115814209, 3.152940511703491, 3.5011956691741943, 3.8494508266448975, 4.19770622253418, 4.545961380004883, 4.894216537475586, 5.242471694946289, 5.590726852416992, 5.9389824867248535, 6.287237644195557, 6.63549280166626, 6.983747959136963, 7.332003593444824, 7.680258750915527, 8.02851390838623, 8.376769065856934, 8.725024223327637, 9.07327938079834, 9.421534538269043, 9.769789695739746, 10.11804485321045, 10.466300010681152, 10.814556121826172, 11.162811279296875, 11.511066436767578, 11.859321594238281]}, "gradients/Decoder.FC_hidden.bias": {"_type": "histogram", "values": [1.0, 0.0, 0.0, 0.0, 0.0, 0.0, 1.0, 1.0, 1.0, 1.0, 1.0, 1.0, 2.0, 2.0, 6.0, 3.0, 4.0, 4.0, 5.0, 12.0, 7.0, 14.0, 9.0, 19.0, 15.0, 19.0, 19.0, 28.0, 12.0, 21.0, 26.0, 15.0, 19.0, 15.0, 17.0, 15.0, 15.0, 10.0, 9.0, 5.0, 3.0, 5.0, 7.0, 5.0, 2.0, 1.0, 5.0, 0.0, 4.0, 2.0, 2.0, 3.0, 0.0, 2.0, 0.0, 0.0, 1.0, 0.0, 0.0, 0.0, 0.0, 2.0, 0.0, 2.0], "bins": [-12.865958213806152, -12.455788612365723, -12.045619010925293, -11.635449409484863, -11.22528076171875, -10.81511116027832, -10.40494155883789, -9.994771957397461, -9.584602355957031, -9.174432754516602, -8.764263153076172, -8.354093551635742, -7.943924427032471, -7.533754825592041, -7.1235857009887695, -6.71341609954834, -6.30324649810791, -5.8930768966674805, -5.482907295227051, -5.072738170623779, -4.66256856918335, -4.25239896774292, -3.8422296047210693, -3.4320602416992188, -3.021890640258789, -2.6117210388183594, -2.201551675796509, -1.7913821935653687, -1.3812127113342285, -0.9710431098937988, -0.5608737468719482, -0.15070438385009766, 0.2594642639160156, 0.6696337461471558, 1.079803228378296, 1.489972710609436, 1.9001421928405762, 2.310311794281006, 2.7204811573028564, 3.130650520324707, 3.5408201217651367, 3.9509897232055664, 4.361159324645996, 4.771328449249268, 5.181498050689697, 5.591667652130127, 6.001836776733398, 6.412006378173828, 6.822175979614258, 7.2323455810546875, 7.642515182495117, 8.052684783935547, 8.462854385375977, 8.873023986816406, 9.28319263458252, 9.69336223602295, 10.103531837463379, 10.513701438903809, 10.923871040344238, 11.334040641784668, 11.744209289550781, 12.154378890991211, 12.56454849243164, 12.97471809387207, 13.3848876953125]}, "gradients/Decoder.FC_hidden.weight": {"_type": "histogram", "values": [1.0, 0.0, 1.0, 0.0, 0.0, 0.0, 0.0, 1.0, 2.0, 1.0, 1.0, 3.0, 7.0, 3.0, 5.0, 15.0, 13.0, 12.0, 18.0, 24.0, 40.0, 46.0, 75.0, 77.0, 117.0, 123.0, 208.0, 249.0, 286.0, 380.0, 472.0, 495.0, 591.0, 643.0, 638.0, 601.0, 563.0, 501.0, 419.0, 313.0, 262.0, 207.0, 140.0, 118.0, 95.0, 68.0, 45.0, 30.0, 20.0, 21.0, 14.0, 9.0, 5.0, 3.0, 7.0, 5.0, 2.0, 0.0, 1.0, 0.0, 2.0, 1.0, 0.0, 1.0], "bins": [-22.609508514404297, -21.94664192199707, -21.283775329589844, -20.620908737182617, -19.95804214477539, -19.29517364501953, -18.632307052612305, -17.969440460205078, -17.30657386779785, -16.643707275390625, -15.980840682983398, -15.317973136901855, -14.655106544494629, -13.992239952087402, -13.32937240600586, -12.666505813598633, -12.003639221191406, -11.34077262878418, -10.677906036376953, -10.01503849029541, -9.352171897888184, -8.689305305480957, -8.026437759399414, -7.3635711669921875, -6.700704574584961, -6.037837982177734, -5.37497091293335, -4.712103843688965, -4.049237251281738, -3.3863704204559326, -2.723503589630127, -2.060636520385742, -1.3977718353271484, -0.7349050045013428, -0.07203817367553711, 0.5908286571502686, 1.2536954879760742, 1.9165623188018799, 2.5794291496276855, 3.2422962188720703, 3.905162811279297, 4.568029403686523, 5.230896472930908, 5.893763542175293, 6.5566301345825195, 7.219496726989746, 7.882363796234131, 8.545230865478516, 9.208097457885742, 9.870964050292969, 10.533830642700195, 11.196698188781738, 11.859564781188965, 12.522431373596191, 13.185298919677734, 13.848165512084961, 14.511032104492188, 15.173898696899414, 15.83676528930664, 16.499631881713867, 17.162498474121094, 17.825366973876953, 18.48823356628418, 19.151100158691406, 19.813966751098633]}, "gradients/Encoder.FC_var.bias": {"_type": "histogram", "values": [1.0, 0.0, 0.0, 0.0, 0.0, 0.0, 0.0, 0.0, 1.0, 0.0, 0.0, 1.0, 0.0, 1.0, 2.0, 0.0, 0.0, 1.0, 0.0, 0.0, 1.0, 0.0, 1.0, 0.0, 0.0, 2.0, 0.0, 1.0, 1.0, 0.0, 1.0, 1.0, 0.0, 0.0, 0.0, 0.0, 0.0, 0.0, 0.0, 1.0, 0.0, 0.0, 0.0, 0.0, 0.0, 0.0, 1.0, 0.0, 0.0, 0.0, 1.0, 0.0, 0.0, 0.0, 1.0, 0.0, 0.0, 0.0, 0.0, 0.0, 0.0, 0.0, 0.0, 1.0],