{"test_metric": 0.4269572348357753, "_timestamp": 1673298695.9265893, "_runtime": 0.8632621765136719, "_step": 99, "_wandb": {"runtime": 0}}