{"loss": 10456.4658203125, "_timestamp": 1673299048.1824257, "_runtime": 29.18932271003723, "_step": 30, "gradients/Decoder.FC_output.bias": {"_type": "histogram", "values": [1.0, 0.0, 1.0, 0.0, 0.0, 3.0, 0.0, 0.0, 0.0, 1.0, 4.0, 1.0, 3.0, 3.0, 5.0, 3.0, 6.0, 6.0, 6.0, 12.0, 13.0, 7.0, 14.0, 22.0, 29.0, 29.0, 30.0, 290.0, 44.0, 32.0, 27.0, 23.0, 13.0, 13.0, 19.0, 8.0, 14.0, 10.0, 12.0, 12.0, 8.0, 7.0, 7.0, 6.0, 5.0, 4.0, 3.0, 1.0, 3.0, 2.0, 3.0, 0.0, 3.0, 3.0, 3.0, 0.0, 2.0, 0.0, 1.0, 3.0, 0.0, 0.0, 1.0, 3.0], "bins": [-5.443784236907959, -5.243920803070068, -5.044057369232178, -4.844193935394287, -4.6443305015563965, -4.444466590881348, -4.244603157043457, -4.044739723205566, -3.844876289367676, -3.645012855529785, -3.4451494216918945, -3.245285987854004, -3.045422315597534, -2.8455588817596436, -2.645695447921753, -2.445831775665283, -2.2459685802459717, -2.046105146408081, -1.8462415933609009, -1.6463781595230103, -1.44651460647583, -1.2466511726379395, -1.0467877388000488, -0.8469241857528687, -0.647060751914978, -0.4471972584724426, -0.24733379483222961, -0.0474703311920166, 0.1523931622505188, 0.3522566556930542, 0.5521200895309448, 0.751983642578125, 0.9518470764160156, 1.1517105102539062, 1.3515740633010864, 1.551437497138977, 1.7513010501861572, 1.9511644840240479, 2.1510279178619385, 2.350891590118408, 2.550755023956299, 2.7506184577941895, 2.95048189163208, 3.1503453254699707, 3.3502089977264404, 3.550072431564331, 3.7499358654022217, 3.9497995376586914, 4.149662971496582, 4.349526405334473, 4.549389839172363, 4.749253273010254, 4.9491167068481445, 5.148980140686035, 5.348843574523926, 5.548707485198975, 5.748570442199707, 5.948433876037598, 6.148297309875488, 6.348160743713379, 6.5480241775512695, 6.74788761138916, 6.947751045227051, 7.1476149559021, 7.34747838973999]}, "gradients/Decoder.FC_output.weight": {"_type": "histogram", "values": [1.0, 0.0, 2.0, 1.0, 3.0, 3.0, 10.0, 7.0, 13.0, 24.0, 41.0, 68.0, 89.0, 150.0, 235.0, 319.0, 441.0, 718.0, 911.0, 1373.0, 1804.0, 2586.0, 3537.0, 4763.0, 6373.0, 8597.0, 11750.0, 16182.0, 133125.0, 41457.0, 17114.0, 12680.0, 10083.0, 8159.0, 6502.0, 5280.0, 4229.0, 3451.0, 2604.0, 2145.0, 1610.0, 1289.0, 975.0, 783.0, 535.0, 414.0, 307.0, 256.0, 176.0, 129.0, 96.0, 55.0, 53.0, 29.0, 21.0, 14.0, 7.0, 7.0, 6.0, 4.0, 1.0, 2.0, 0.0, 1.0], "bins": [-10.342693328857422, -9.984492301940918, -9.626291275024414, -9.26809024810791, -8.909889221191406, -8.551688194274902, -8.193487167358398, -7.835286617279053, -7.477085590362549, -7.118884563446045, -6.760683536529541, -6.402482986450195, -6.044281959533691, -5.6860809326171875, -5.327879905700684, -4.96967887878418, -4.611477851867676, -4.253276824951172, -3.895075798034668, -3.536875009536743, -3.1786739826202393, -2.8204729557037354, -2.4622721672058105, -2.1040711402893066, -1.7458701133728027, -1.3876690864562988, -1.0294681787490845, -0.6712672710418701, -0.3130662441253662, 0.045134782791137695, 0.4033355712890625, 0.7615365982055664, 1.1197376251220703, 1.4779386520385742, 1.8361395597457886, 2.194340467453003, 2.552541494369507, 2.9107425212860107, 3.2689433097839355, 3.6271443367004395, 3.9853453636169434, 4.343546390533447, 4.701747417449951, 5.059947967529297, 5.418148994445801, 5.776350021362305, 6.134551048278809, 6.4927520751953125, 6.850953102111816, 7.20915412902832, 7.567355155944824, 7.925556182861328, 8.283757209777832, 8.641958236694336, 9.000158309936523, 9.358360290527344, 9.716560363769531, 10.074761390686035, 10.432962417602539, 10.791163444519043, 11.149364471435547, 11.50756549835205, 11.865766525268555, 12.223966598510742, 12.582168579101562]}, "gradients/Decoder.FC_hidden.bias": {"_type": "histogram", "values": [1.0, 0.0, 0.0, 0.0, 0.0, 0.0, 0.0, 0.0, 0.0, 0.0, 0.0, 0.0, 0.0, 1.0, 0.0, 1.0, 1.0, 2.0, 2.0, 2.0, 1.0, 2.0, 1.0, 7.0, 2.0, 6.0, 5.0, 8.0, 9.0, 7.0, 14.0, 20.0, 18.0, 17.0, 21.0, 22.0, 24.0, 24.0, 25.0, 15.0, 11.0, 22.0, 23.0, 12.0, 12.0, 15.0, 14.0, 3.0, 5.0, 9.0, 4.0, 2.0, 1.0, 2.0, 2.0, 1.0, 1.0, 0.0, 0.0, 1.0, 0.0, 0.0, 1.0, 1.0], "bins": [-32.400726318359375, -31.535175323486328, -30.669626235961914, -29.804075241088867, -28.938526153564453, -28.072975158691406, -27.207426071166992, -26.341875076293945, -25.47632598876953, -24.610774993896484, -23.74522590637207, -22.879674911499023, -22.01412582397461, -21.148574829101562, -20.28302574157715, -19.4174747467041, -18.551925659179688, -17.68637466430664, -16.820825576782227, -15.955275535583496, -15.089725494384766, -14.224174499511719, -13.358625411987305, -12.493074417114258, -11.627523422241211, -10.76197338104248, -9.89642333984375, -9.03087329864502, -8.165323257446289, -7.2997727394104, -6.43422269821167, -5.5686726570129395, -4.703123092651367, -3.8375730514526367, -2.9720230102539062, -2.1064727306365967, -1.2409226894378662, -0.37537240982055664, 0.49017763137817383, 1.3557276725769043, 2.2212777137756348, 3.0868277549743652, 3.9523777961730957, 4.817928314208984, 5.683478355407715, 6.549028396606445, 7.414578437805176, 8.280128479003906, 9.145678520202637, 10.011228561401367, 10.876778602600098, 11.742328643798828, 12.607878684997559, 13.473428726196289, 14.338979721069336, 15.20452880859375, 16.070079803466797, 16.935630798339844, 17.801179885864258, 18.666730880737305, 19.53227996826172, 20.397830963134766, 21.26338005065918, 22.128931045532227, 22.99448013305664]}, "gradients/Decoder.FC_hidden.weight": {"_type": "histogram", "values": [1.0, 1.0, 0.0, 0.0, 0.0, 0.0, 0.0, 1.0, 2.0, 6.0, 0.0, 5.0, 10.0, 11.0, 12.0, 13.0, 18.0, 22.0, 46.0, 41.0, 63.0, 91.0, 110.0, 136.0, 185.0, 227.0, 260.0, 341.0, 376.0, 400.0, 473.0, 491.0, 530.0, 542.0, 512.0, 500.0, 459.0, 417.0, 335.0, 269.0, 238.0, 171.0, 150.0, 136.0, 99.0, 73.0, 59.0, 41.0, 37.0, 20.0, 13.0, 16.0, 13.0, 6.0, 4.0, 7.0, 1.0, 3.0, 2.0, 2.0, 0.0, 1.0, 0.0, 2.0], "bins": [-24.200044631958008, -23.470218658447266, -22.740392684936523, -22.01056671142578, -21.28074073791504, -20.550914764404297, -19.821090698242188, -19.091264724731445, -18.361438751220703, -17.63161277770996, -16.90178680419922, -16.171960830688477, -15.44213581085205, -14.712309837341309, -13.982483863830566, -13.25265884399414, -12.522831916809082, -11.79300594329834, -11.063179969787598, -10.333354949951172, -9.60352897644043, -8.873703002929688, -8.143877029418945, -7.414051532745361, -6.684225559234619, -5.954399585723877, -5.224574089050293, -4.494748115539551, -3.7649223804473877, -3.0350966453552246, -2.3052706718444824, -1.5754451751708984, -0.8456192016601562, -0.11579340696334839, 0.6140323877334595, 1.343858242034912, 2.073683977127075, 2.8035097122192383, 3.5333356857299805, 4.2631611824035645, 4.992987155914307, 5.722813129425049, 6.452638626098633, 7.182464599609375, 7.912290573120117, 8.64211654663086, 9.371942520141602, 10.101767539978027, 10.83159351348877, 11.561419486999512, 12.291245460510254, 13.02107048034668, 13.750896453857422, 14.480722427368164, 15.210548400878906, 15.940374374389648, 16.67020034790039, 17.400026321411133, 18.129852294921875, 18.859678268432617, 19.58950424194336, 20.31932830810547, 21.049156188964844, 21.778980255126953, 22.508806228637695]}, "gradients/Encoder.FC_var.bias": {"_type": "histogram", "values": [1.0, 0.0, 1.0, 0.0, 0.0, 0.0, 1.0, 1.0, 0.0, 1.0, 0.0, 0.0, 1.0, 0.0, 0.0, 0.0, 0.0, 0.0, 0.0, 0.0, 1.0, 1.0, 0.0, 0.0, 1.0, 1.0, 0.0, 0.0, 0.0, 2.0, 0.0, 3.0, 0.0, 0.0, 0.0, 1.0, 0.0, 0.0, 0.0, 0.0, 0.0, 0.0, 0.0, 0.0, 0.0, 0.0, 0.0, 0.0, 0.0, 1.0, 0.0, 0.0, 0.0, 1.0, 0.0, 1.0, 0.0, 0.0, 0.0, 0.0, 0.0, 0.0, 0.0, 1.0],